id;full_name;phone_number;email
1;Assistant;Market;Michelle63@hotmail.com
2;Bedfordshire Rustic;firmware empower auxiliary;Theodore52@yahoo.com
3;generate scale Rubber;Ball full-range;Phoebe92@hotmail.com
4;online;JBOD;Davon.Pacocha30@gmail.com
5;Lilangeni;California;Ozella.OKeefe81@yahoo.com
6;Front-line;quantifying transmit;Darren.Bosco3@yahoo.com
7;Renminbi plum;Dollar calculate Chair;Chris_Schaden@hotmail.com
8;invoice Tuna Pine;Rhode Handcrafted;Evangeline20@hotmail.com
9;application;Hat Berkshire Towels;Deborah74@hotmail.com
10;deposit Horizontal;Loan Handcrafted Architect;Will_Champlin@yahoo.com
