id;reservation_date;person_count;seating_information
1;2022-01-08T05:08:12;16091;enterprise Wisconsin Yuan
2;2022-01-07T21:05:23;47616;website Kenya revolutionize
3;2022-01-08T00:28:53;92347;parsing Viaduct
4;2022-01-08T06:53:15;79672;Rhode Automated
5;2022-01-08T04:16:16;26911;Ecuador Pa'anga Accounts
6;2022-01-08T12:28:09;20252;Account
7;2022-01-08T02:32:25;10150;Outdoors Computer
8;2022-01-08T07:47:33;98693;neural Metrics
9;2022-01-07T20:27:39;35454;Sports expedite
10;2022-01-07T22:05:30;62706;generating Islands relationships
